{
  "Geography 🌍": [
    {
      "question": "What is the capital of France?",
      "options": [
        "Lyon",
        "Marseille",
        "Paris",
        "Nice"
      ],
      "answer": "Paris",
      "difficulty": "easy"
    },
    {
      "question": "Which continent is the Sahara Desert located on?",
      "options": [
        "Africa",
        "Australia",
        "Asia",
        "South America"
      ],
      "answer": "Africa",
      "difficulty": "easy"
    },
    {
      "question": "What is the capital of Japan?",
      "options": [
        "Osaka",
        "Kyoto",
        "Tokyo",
        "Nagoya"
      ],
      "answer": "Tokyo",
      "difficulty": "easy"
    },
    {
      "question": "Which ocean is on the east coast of the United States?",
      "options": [
        "Arctic",
        "Atlantic",
        "Indian",
        "Pacific"
      ],
      "answer": "Atlantic",
      "difficulty": "easy"
    },
    {
      "question": "What is the largest country by area?",
      "options": [
        "USA",
        "Canada",
        "China",
        "Russia"
      ],
      "answer": "Russia",
      "difficulty": "easy"
    },
    {
      "question": "What is the capital of Canada?",
      "options": [
        "Vancouver",
        "Ottawa",
        "Toronto",
        "Montreal"
      ],
      "answer": "Ottawa",
      "difficulty": "easy"
    },
    {
      "question": "Which continent has the most countries?",
      "options": [
        "South America",
        "Asia",
        "Europe",
        "Africa"
      ],
      "answer": "Africa",
      "difficulty": "easy"
    },
    {
      "question": "What is the longest river in the world?",
      "options": [
        "Mississippi",
        "Nile",
        "Yangtze",
        "Amazon"
      ],
      "answer": "Nile",
      "difficulty": "easy"
    },
    {
      "question": "Which country is shaped like a boot?",
      "options": [
        "Greece",
        "Portugal",
        "Italy",
        "Spain"
      ],
      "answer": "Italy",
      "difficulty": "easy"
    },
    {
      "question": "Where is the Great Wall located?",
      "options": [
        "China",
        "Greece",
        "Japan",
        "India"
      ],
      "answer": "China",
      "difficulty": "easy"
    },
    {
      "question": "Which city is known as the Big Apple?",
      "options": [
        "Chicago",
        "Boston",
        "New York",
        "Los Angeles"
      ],
      "answer": "New York",
      "difficulty": "medium"
    },
    {
      "question": "What mountain range separates Europe from Asia?",
      "options": [
        "Himalayas",
        "Alps",
        "Andes",
        "Ural"
      ],
      "answer": "Ural",
      "difficulty": "medium"
    },
    {
      "question": "Which African lake is the second largest freshwater lake in the world?",
      "options": [
        "Lake Victoria",
        "Lake Chad",
        "Lake Malawi",
        "Lake Tanganyika"
      ],
      "answer": "Lake Victoria",
      "difficulty": "medium"
    },
    {
      "question": "Which country has the most islands?",
      "options": [
        "Sweden",
        "Norway",
        "Indonesia",
        "Philippines"
      ],
      "answer": "Sweden",
      "difficulty": "medium"
    },
    {
      "question": "What is the capital of New Zealand?",
      "options": [
        "Wellington",
        "Auckland",
        "Hamilton",
        "Christchurch"
      ],
      "answer": "Wellington",
      "difficulty": "medium"
    },
    {
      "question": "Which country is known as the Land of a Thousand Lakes?",
      "options": [
        "Russia",
        "Norway",
        "Canada",
        "Finland"
      ],
      "answer": "Finland",
      "difficulty": "medium"
    },
    {
      "question": "Which South American country is landlocked?",
      "options": [
        "Paraguay",
        "Peru",
        "Ecuador",
        "Chile"
      ],
      "answer": "Paraguay",
      "difficulty": "medium"
    },
    {
      "question": "What is the largest island in the world?",
      "options": [
        "Greenland",
        "New Guinea",
        "Australia",
        "Borneo"
      ],
      "answer": "Greenland",
      "difficulty": "medium"
    },
    {
      "question": "What country is Prague the capital of?",
      "options": [
        "Czech Republic",
        "Hungary",
        "Austria",
        "Poland"
      ],
      "answer": "Czech Republic",
      "difficulty": "medium"
    },
    {
      "question": "Which river flows through Paris?",
      "options": [
        "Rhône",
        "Loire",
        "Garonne",
        "Seine"
      ],
      "answer": "Seine",
      "difficulty": "medium"
    },
    {
      "question": "Which two countries share the longest international border?",
      "options": [
        "Canada and USA",
        "Russia and China",
        "India and China",
        "Brazil and Argentina"
      ],
      "answer": "Canada and USA",
      "difficulty": "hard"
    },
    {
      "question": "What is the deepest point in the world's oceans?",
      "options": [
        "Mariana Trench",
        "Java Trench",
        "Tonga Trench",
        "Puerto Rico Trench"
      ],
      "answer": "Mariana Trench",
      "difficulty": "hard"
    },
    {
      "question": "What is the latitude of the equator?",
      "options": [
        "45°",
        "90°",
        "0°",
        "23.5°"
      ],
      "answer": "0°",
      "difficulty": "hard"
    },
    {
      "question": "Which desert is the coldest?",
      "options": [
        "Sahara",
        "Karakum",
        "Antarctic",
        "Gobi"
      ],
      "answer": "Antarctic",
      "difficulty": "hard"
    },
    {
      "question": "What is the only country that is also a continent?",
      "options": [
        "India",
        "Australia",
        "Greenland",
        "South Africa"
      ],
      "answer": "Australia",
      "difficulty": "hard"
    },
    {
      "question": "Which sea is the saltiest natural body of water on Earth?",
      "options": [
        "Dead Sea",
        "Caspian Sea",
        "Baltic Sea",
        "Red Sea"
      ],
      "answer": "Dead Sea",
      "difficulty": "hard"
    },
    {
      "question": "What is the capital of Bhutan?",
      "options": [
        "Dhaka",
        "Lhasa",
        "Thimphu",
        "Kathmandu"
      ],
      "answer": "Thimphu",
      "difficulty": "hard"
    },
    {
      "question": "Which European country has the most volcanoes?",
      "options": [
        "Greece",
        "Italy",
        "Portugal",
        "Iceland"
      ],
      "answer": "Iceland",
      "difficulty": "hard"
    },
    {
      "question": "What is the smallest independent country on Earth?",
      "options": [
        "Vatican City",
        "Liechtenstein",
        "San Marino",
        "Monaco"
      ],
      "answer": "Vatican City",
      "difficulty": "hard"
    },
    {
      "question": "Which country does the island of Zanzibar belong to?",
      "options": [
        "Mozambique",
        "Kenya",
        "Tanzania",
        "Madagascar"
      ],
      "answer": "Tanzania",
      "difficulty": "hard"
    }
  ],
  "History 🗿": [
    {
      "question": "Who was the first president of the United States?",
      "options": [
        "Thomas Jefferson",
        "George Washington",
        "Abraham Lincoln",
        "John Adams"
      ],
      "answer": "George Washington",
      "difficulty": "easy"
    },
    {
      "question": "In which year did the Berlin Wall fall?",
      "options": [
        "1989",
        "1991",
        "1993",
        "1987"
      ],
      "answer": "1989",
      "difficulty": "easy"
    },
    {
      "question": "Who was known as the Iron Lady?",
      "options": [
        "Indira Gandhi",
        "Angela Merkel",
        "Hillary Clinton",
        "Margaret Thatcher"
      ],
      "answer": "Margaret Thatcher",
      "difficulty": "easy"
    },
    {
      "question": "Who discovered America in 1492?",
      "options": [
        "Ferdinand Magellan",
        "Christopher Columbus",
        "Amerigo Vespucci",
        "Leif Erikson"
      ],
      "answer": "Christopher Columbus",
      "difficulty": "easy"
    },
    {
      "question": "Who was the British Prime Minister during WWII?",
      "options": [
        "Winston Churchill",
        "Harold Wilson",
        "Clement Attlee",
        "Neville Chamberlain"
      ],
      "answer": "Winston Churchill",
      "difficulty": "easy"
    },
    {
      "question": "In which year did World War II end?",
      "options": [
        "1947",
        "1944",
        "1945",
        "1946"
      ],
      "answer": "1945",
      "difficulty": "easy"
    },
    {
      "question": "Where was Napoleon born?",
      "options": [
        "Paris",
        "Lyon",
        "Marseille",
        "Corsica"
      ],
      "answer": "Corsica",
      "difficulty": "easy"
    },
    {
      "question": "What ancient civilization built the pyramids?",
      "options": [
        "Romans",
        "Babylonians",
        "Egyptians",
        "Greeks"
      ],
      "answer": "Egyptians",
      "difficulty": "easy"
    },
    {
      "question": "Who was assassinated in Sarajevo in 1914?",
      "options": [
        "Gavrilo Princip",
        "Tsar Nicholas II",
        "Kaiser Wilhelm II",
        "Archduke Franz Ferdinand"
      ],
      "answer": "Archduke Franz Ferdinand",
      "difficulty": "easy"
    },
    {
      "question": "Who was the first man on the moon?",
      "options": [
        "Michael Collins",
        "Buzz Aldrin",
        "Neil Armstrong",
        "Yuri Gagarin"
      ],
      "answer": "Neil Armstrong",
      "difficulty": "easy"
    },
    {
      "question": "Which war was fought between the North and South regions in the United States?",
      "options": [
        "Revolutionary War",
        "Vietnam War",
        "Civil War",
        "World War I"
      ],
      "answer": "Civil War",
      "difficulty": "medium"
    },
    {
      "question": "What was the name of the ship on which the Pilgrims traveled to America?",
      "options": [
        "Beagle",
        "Mayflower",
        "Endeavour",
        "Santa Maria"
      ],
      "answer": "Mayflower",
      "difficulty": "medium"
    },
    {
      "question": "Which Roman emperor converted to Christianity?",
      "options": [
        "Constantine",
        "Augustus",
        "Caligula",
        "Nero"
      ],
      "answer": "Constantine",
      "difficulty": "medium"
    },
    {
      "question": "What document was signed in 1215?",
      "options": [
        "Declaration of Independence",
        "Magna Carta",
        "Treaty of Versailles",
        "Bill of Rights"
      ],
      "answer": "Magna Carta",
      "difficulty": "medium"
    },
    {
      "question": "Who led the Soviet Union during WWII?",
      "options": [
        "Leonid Brezhnev",
        "Joseph Stalin",
        "Nikita Khrushchev",
        "Vladimir Lenin"
      ],
      "answer": "Joseph Stalin",
      "difficulty": "medium"
    },
    {
      "question": "What was the main cause of World War I?",
      "options": [
        "Cold War",
        "Rise of Hitler",
        "Assassination of Archduke Ferdinand",
        "Pearl Harbor"
      ],
      "answer": "Assassination of Archduke Ferdinand",
      "difficulty": "medium"
    },
    {
      "question": "Who painted the ceiling of the Sistine Chapel?",
      "options": [
        "Donatello",
        "Leonardo da Vinci",
        "Michelangelo",
        "Raphael"
      ],
      "answer": "Michelangelo",
      "difficulty": "medium"
    },
    {
      "question": "Who was the longest-reigning British monarch before Queen Elizabeth II?",
      "options": [
        "Queen Victoria",
        "Queen Anne",
        "King George III",
        "Edward VII"
      ],
      "answer": "Queen Victoria",
      "difficulty": "medium"
    },
    {
      "question": "What was the name of the first artificial Earth satellite?",
      "options": [
        "Apollo",
        "Sputnik",
        "Luna",
        "Voyager"
      ],
      "answer": "Sputnik",
      "difficulty": "medium"
    },
    {
      "question": "Which battle is considered the turning point of WWII in Europe?",
      "options": [
        "El Alamein",
        "D-Day",
        "Battle of the Bulge",
        "Stalingrad"
      ],
      "answer": "Stalingrad",
      "difficulty": "medium"
    },
    {
      "question": "What was the code name for the Allied invasion of Normandy?",
      "options": [
        "Operation Neptune",
        "Operation Barbarossa",
        "Operation Torch",
        "Operation Overlord"
      ],
      "answer": "Operation Overlord",
      "difficulty": "hard"
    },
    {
      "question": "Which treaty officially ended WWI?",
      "options": [
        "Treaty of Versailles",
        "Treaty of Ghent",
        "Treaty of Trianon",
        "Treaty of Paris"
      ],
      "answer": "Treaty of Versailles",
      "difficulty": "hard"
    },
    {
      "question": "Which country was formerly known as Persia?",
      "options": [
        "Turkey",
        "Iran",
        "Afghanistan",
        "Iraq"
      ],
      "answer": "Iran",
      "difficulty": "hard"
    },
    {
      "question": "Who was the ruler of the Huns during the 5th century?",
      "options": [
        "Alexander",
        "Genghis Khan",
        "Attila",
        "Justinian"
      ],
      "answer": "Attila",
      "difficulty": "hard"
    },
    {
      "question": "Which civilization used cuneiform writing?",
      "options": [
        "Romans",
        "Sumerians",
        "Egyptians",
        "Greeks"
      ],
      "answer": "Sumerians",
      "difficulty": "hard"
    },
    {
      "question": "What was the name of the political scandal that led to Nixon's resignation?",
      "options": [
        "Irangate",
        "Watergate",
        "Teapot Dome",
        "Whitewater"
      ],
      "answer": "Watergate",
      "difficulty": "hard"
    },
    {
      "question": "Which English king had six wives?",
      "options": [
        "Richard III",
        "James I",
        "Henry VIII",
        "Edward VI"
      ],
      "answer": "Henry VIII",
      "difficulty": "hard"
    },
    {
      "question": "What was the name of the U.S. program to land a man on the moon?",
      "options": [
        "Orion",
        "Apollo",
        "Mercury",
        "Gemini"
      ],
      "answer": "Apollo",
      "difficulty": "hard"
    },
    {
      "question": "Which war occurred between 1950 and 1953?",
      "options": [
        "Vietnam War",
        "Gulf War",
        "Korean War",
        "WWII"
      ],
      "answer": "Korean War",
      "difficulty": "hard"
    },
    {
      "question": "Who was the last emperor of Russia?",
      "options": [
        "Alexander III",
        "Nicholas II",
        "Ivan the Terrible",
        "Peter the Great"
      ],
      "answer": "Nicholas II",
      "difficulty": "hard"
    }
  ],
  "General Culture ⛩️": [
    {
      "question": "What is the chemical symbol for water?",
      "options": [
        "H2O",
        "NaCl",
        "O2",
        "CO2"
      ],
      "answer": "H2O",
      "difficulty": "easy"
    },
    {
      "question": "Who painted the Mona Lisa?",
      "options": [
        "Pablo Picasso",
        "Vincent van Gogh",
        "Claude Monet",
        "Leonardo da Vinci"
      ],
      "answer": "Leonardo da Vinci",
      "difficulty": "easy"
    },
    {
      "question": "What is the capital of France?",
      "options": [
        "Lyon",
        "Paris",
        "Marseille",
        "Nice"
      ],
      "answer": "Paris",
      "difficulty": "easy"
    },
    {
      "question": "Which animal is known as the King of the Jungle?",
      "options": [
        "Bear",
        "Lion",
        "Tiger",
        "Elephant"
      ],
      "answer": "Lion",
      "difficulty": "easy"
    },
    {
      "question": "What is the main language spoken in Brazil?",
      "options": [
        "English",
        "Portuguese",
        "French",
        "Spanish"
      ],
      "answer": "Portuguese",
      "difficulty": "easy"
    },
    {
      "question": "What do bees produce?",
      "options": [
        "Oil",
        "Honey",
        "Wax",
        "Milk"
      ],
      "answer": "Honey",
      "difficulty": "easy"
    },
    {
      "question": "Which planet is closest to the sun?",
      "options": [
        "Mercury",
        "Venus",
        "Earth",
        "Mars"
      ],
      "answer": "Mercury",
      "difficulty": "easy"
    },
    {
      "question": "What is the largest mammal?",
      "options": [
        "Giraffe",
        "Hippopotamus",
        "Elephant",
        "Blue Whale"
      ],
      "answer": "Blue Whale",
      "difficulty": "easy"
    },
    {
      "question": "What is the opposite of 'hot'?",
      "options": [
        "Cool",
        "Cold",
        "Mild",
        "Warm"
      ],
      "answer": "Cold",
      "difficulty": "easy"
    },
    {
      "question": "Which fruit is yellow and curved?",
      "options": [
        "Orange",
        "Apple",
        "Banana",
        "Pineapple"
      ],
      "answer": "Banana",
      "difficulty": "easy"
    },
    {
      "question": "What is sushi traditionally wrapped in?",
      "options": [
        "Plastic",
        "Rice Paper",
        "Seaweed",
        "Lettuce"
      ],
      "answer": "Seaweed",
      "difficulty": "medium"
    },
    {
      "question": "What does the 'E' in email stand for?",
      "options": [
        "Express",
        "Easy",
        "Efficient",
        "Electronic"
      ],
      "answer": "Electronic",
      "difficulty": "medium"
    },
    {
      "question": "What is the hardest natural substance?",
      "options": [
        "Quartz",
        "Iron",
        "Diamond",
        "Gold"
      ],
      "answer": "Diamond",
      "difficulty": "medium"
    },
    {
      "question": "Who directed the movie 'Titanic'?",
      "options": [
        "Steven Spielberg",
        "Martin Scorsese",
        "James Cameron",
        "Christopher Nolan"
      ],
      "answer": "James Cameron",
      "difficulty": "medium"
    },
    {
      "question": "Which fictional detective lived at 221B Baker Street?",
      "options": [
        "Nancy Drew",
        "Hercule Poirot",
        "Sherlock Holmes",
        "Miss Marple"
      ],
      "answer": "Sherlock Holmes",
      "difficulty": "medium"
    },
    {
      "question": "What color is the 'Ex' in FedEx ?",
      "options": [
        "Blue",
        "Green",
        "Orange",
        "Red"
      ],
      "answer": "Orange",
      "difficulty": "medium"
    },
    {
      "question": "Which country gave us pizza and pasta?",
      "options": [
        "Italy",
        "Germany",
        "Spain",
        "France"
      ],
      "answer": "Italy",
      "difficulty": "medium"
    },
    {
      "question": "What is the term for a word that is similar in meaning to another?",
      "options": [
        "Antonym",
        "Homonym",
        "Metonym",
        "Synonym"
      ],
      "answer": "Synonym",
      "difficulty": "medium"
    },
    {
      "question": "What does a barometer measure?",
      "options": [
        "Pressure",
        "Rainfall",
        "Wind Speed",
        "Temperature"
      ],
      "answer": "Pressure",
      "difficulty": "medium"
    },
    {
      "question": "What is the official language of Egypt?",
      "options": [
        "English",
        "French",
        "Hebrew",
        "Arabic"
      ],
      "answer": "Arabic",
      "difficulty": "medium"
    },
    {
      "question": "Which philosopher wrote 'The Republic'?",
      "options": [
        "Aristotle",
        "Plato",
        "Descartes",
        "Socrates"
      ],
      "answer": "Plato",
      "difficulty": "hard"
    },
    {
      "question": "What is the art of folding paper into decorative shapes called?",
      "options": [
        "Ikebana",
        "Origami",
        "Kirigami",
        "Calligraphy"
      ],
      "answer": "Origami",
      "difficulty": "hard"
    },
    {
      "question": "Who painted 'The Persistence of Memory'?",
      "options": [
        "Claude Monet",
        "Edvard Munch",
        "Pablo Picasso",
        "Salvador Dalí"
      ],
      "answer": "Salvador Dalí",
      "difficulty": "hard"
    },
    {
      "question": "Which novel begins with the line 'Call me Ishmael'?",
      "options": [
        "Treasure Island",
        "The Odyssey",
        "Moby-Dick",
        "The Old Man and the Sea"
      ],
      "answer": "Moby-Dick",
      "difficulty": "hard"
    },
    {
      "question": "What is the national flower of Japan?",
      "options": [
        "Cherry Blossom",
        "Rose",
        "Tulip",
        "Lotus"
      ],
      "answer": "Cherry Blossom",
      "difficulty": "hard"
    },
    {
      "question": "In which city is the Louvre Museum located?",
      "options": [
        "Madrid",
        "London",
        "Rome",
        "Paris"
      ],
      "answer": "Paris",
      "difficulty": "hard"
    },
    {
      "question": "Which book series features the character Katniss Everdeen?",
      "options": [
        "Divergent",
        "Harry Potter",
        "Twilight",
        "The Hunger Games"
      ],
      "answer": "The Hunger Games",
      "difficulty": "hard"
    },
    {
      "question": "What does 'www' stand for in a website browser?",
      "options": [
        "World Web Wide",
        "Web World Wide",
        "World Wide Web",
        "Wide World Web"
      ],
      "answer": "World Wide Web",
      "difficulty": "hard"
    },
    {
      "question": "Which artist is known for cutting off his own ear?",
      "options": [
        "Pablo Picasso",
        "Leonardo da Vinci",
        "Rembrandt",
        "Vincent van Gogh"
      ],
      "answer": "Vincent van Gogh",
      "difficulty": "hard"
    },
    {
      "question": "Which Shakespeare play features the characters Rosencrantz and Guildenstern?",
      "options": [
        "King Lear",
        "Hamlet",
        "Macbeth",
        "Othello"
      ],
      "answer": "Hamlet",
      "difficulty": "hard"
    }
  ],
  "Science 🔭": [
    {
      "question": "What planet is known as the Red Planet?",
      "options": [
        "Jupiter",
        "Venus",
        "Mars",
        "Saturn"
      ],
      "answer": "Mars",
      "difficulty": "easy"
    },
    {
      "question": "What gas do plants absorb from the atmosphere?",
      "options": [
        "Nitrogen",
        "Hydrogen",
        "Oxygen",
        "Carbon dioxide"
      ],
      "answer": "Carbon dioxide",
      "difficulty": "easy"
    },
    {
      "question": "What is the center of an atom called?",
      "options": [
        "Electron",
        "Nucleus",
        "Molecule",
        "Proton"
      ],
      "answer": "Nucleus",
      "difficulty": "easy"
    },
    {
      "question": "What force pulls objects toward Earth?",
      "options": [
        "Magnetism",
        "Gravity",
        "Inertia",
        "Friction"
      ],
      "answer": "Gravity",
      "difficulty": "easy"
    },
    {
      "question": "Which planet is closest to the sun?",
      "options": [
        "Earth",
        "Mars",
        "Venus",
        "Mercury"
      ],
      "answer": "Mercury",
      "difficulty": "easy"
    },
    {
      "question": "How many legs does an insect have?",
      "options": [
        "4",
        "6",
        "8",
        "10"
      ],
      "answer": "6",
      "difficulty": "easy"
    },
    {
      "question": "What part of the body pumps blood?",
      "options": [
        "Lungs",
        "Liver",
        "Heart",
        "Brain"
      ],
      "answer": "Heart",
      "difficulty": "easy"
    },
    {
      "question": "What do humans need to breathe?",
      "options": [
        "Hydrogen",
        "Nitrogen",
        "Oxygen",
        "Carbon dioxide"
      ],
      "answer": "Oxygen",
      "difficulty": "easy"
    },
    {
      "question": "Which organ helps you hear?",
      "options": [
        "Ear",
        "Hand",
        "Eye",
        "Nose"
      ],
      "answer": "Ear",
      "difficulty": "easy"
    },
    {
      "question": "What is frozen water called?",
      "options": [
        "Steam",
        "Rain",
        "Snow",
        "Ice"
      ],
      "answer": "Ice",
      "difficulty": "easy"
    },
    {
      "question": "What is the boiling point of water in Celsius?",
      "options": [
        "100",
        "0",
        "50",
        "200"
      ],
      "answer": "100",
      "difficulty": "medium"
    },
    {
      "question": "What is the most common gas in the Earth's atmosphere?",
      "options": [
        "Helium",
        "Oxygen",
        "Nitrogen",
        "Carbon dioxide"
      ],
      "answer": "Nitrogen",
      "difficulty": "medium"
    },
    {
      "question": "What is the chemical formula for table salt?",
      "options": [
        "C6H12O6",
        "CO2",
        "NaCl",
        "H2O"
      ],
      "answer": "NaCl",
      "difficulty": "medium"
    },
    {
      "question": "What part of the cell contains DNA?",
      "options": [
        "Membrane",
        "Nucleus",
        "Mitochondria",
        "Cytoplasm"
      ],
      "answer": "Nucleus",
      "difficulty": "medium"
    },
    {
      "question": "Which planet has the most moons?",
      "options": [
        "Saturn",
        "Neptune",
        "Jupiter",
        "Uranus"
      ],
      "answer": "Saturn",
      "difficulty": "medium"
    },
    {
      "question": "What’s the process plants use to make food?",
      "options": [
        "Fermentation",
        "Digestion",
        "Photosynthesis",
        "Respiration"
      ],
      "answer": "Photosynthesis",
      "difficulty": "medium"
    },
    {
      "question": "Which organ is responsible for detoxifying the blood?",
      "options": [
        "Lung",
        "Heart",
        "Kidney",
        "Liver"
      ],
      "answer": "Liver",
      "difficulty": "medium"
    },
    {
      "question": "What do you call an animal that eats only plants?",
      "options": [
        "Detritivore",
        "Herbivore",
        "Carnivore",
        "Omnivore"
      ],
      "answer": "Herbivore",
      "difficulty": "medium"
    },
    {
      "question": "Which vitamin is produced when a person is exposed to sunlight?",
      "options": [
        "Vitamin B12",
        "Vitamin A",
        "Vitamin C",
        "Vitamin D"
      ],
      "answer": "Vitamin D",
      "difficulty": "medium"
    },
    {
      "question": "How many bones are in the adult human body?",
      "options": [
        "199",
        "210",
        "201",
        "206"
      ],
      "answer": "206",
      "difficulty": "medium"
    },
    {
      "question": "What is the Heisenberg Uncertainty Principle primarily concerned with?",
      "options": [
        "Position and momentum",
        "Charge and spin",
        "Time and velocity",
        "Mass and energy"
      ],
      "answer": "Position and momentum",
      "difficulty": "hard"
    },
    {
      "question": "Which element has the highest melting point?",
      "options": [
        "Rhenium",
        "Osmium",
        "Carbon",
        "Tungsten"
      ],
      "answer": "Tungsten",
      "difficulty": "hard"
    },
    {
      "question": "In quantum mechanics, what does the wavefunction ψ represent?",
      "options": [
        "Atomic mass",
        "Probability amplitude",
        "Photon energy",
        "Electric field"
      ],
      "answer": "Probability amplitude",
      "difficulty": "hard"
    },
    {
      "question": "What branch of physics explains the behavior of particles at relativistic speeds?",
      "options": [
        "Classical mechanics",
        "Thermodynamics",
        "Special relativity",
        "Optics"
      ],
      "answer": "Special relativity",
      "difficulty": "hard"
    },
    {
      "question": "Which scientist developed the theory of general relativity?",
      "options": [
        "Isaac Newton",
        "Albert Einstein",
        "Niels Bohr",
        "Max Planck"
      ],
      "answer": "Albert Einstein",
      "difficulty": "hard"
    },
    {
      "question": "Which molecule is known as the 'universal energy currency' of cells?",
      "options": [
        "DNA",
        "NADH",
        "RNA",
        "ATP"
      ],
      "answer": "ATP",
      "difficulty": "hard"
    },
    {
      "question": "Which subatomic particle has no electric charge?",
      "options": [
        "Muon",
        "Neutron",
        "Proton",
        "Electron"
      ],
      "answer": "Neutron",
      "difficulty": "hard"
    },
    {
      "question": "Which fundamental force is responsible for radioactive decay?",
      "options": [
        "Weak nuclear force",
        "Gravitational force",
        "Strong nuclear force",
        "Electromagnetic force"
      ],
      "answer": "Weak nuclear force",
      "difficulty": "hard"
    },
    {
      "question": "What type of bond is formed by the sharing of electron pairs?",
      "options": [
        "Covalent bond",
        "Ionic bond",
        "Hydrogen bond",
        "Metallic bond"
      ],
      "answer": "Covalent bond",
      "difficulty": "hard"
    },
    {
      "question": "What does DNA stand for?",
      "options": [
        "Deoxynucleic acid",
        "Dicarboxylic nucleic acid",
        "Deoxyribonucleic acid",
        "Dinucleic acid"
      ],
      "answer": "Deoxyribonucleic acid",
      "difficulty": "hard"
    }
  ],
  "Sports ⚽": [
    {
      "question": "How many players are on a soccer team on the field?",
      "options": [
        "11",
        "10",
        "12",
        "9"
      ],
      "answer": "11",
      "difficulty": "easy"
    },
    {
      "question": "What sport is Serena Williams famous for?",
      "options": [
        "Swimming",
        "Soccer",
        "Tennis",
        "Basketball"
      ],
      "answer": "Tennis",
      "difficulty": "easy"
    },
    {
      "question": "How many holes are there in a standard round of golf?",
      "options": [
        "9",
        "12",
        "24",
        "18"
      ],
      "answer": "18",
      "difficulty": "easy"
    },
    {
      "question": "What color flag is waved to start a race?",
      "options": [
        "Green",
        "Yellow",
        "Red",
        "White"
      ],
      "answer": "Green",
      "difficulty": "easy"
    },
    {
      "question": "Which sport is known as 'the king of sports'?",
      "options": [
        "Soccer",
        "Basketball",
        "Tennis",
        "Baseball"
      ],
      "answer": "Soccer",
      "difficulty": "easy"
    },
    {
      "question": "What sport uses a puck?",
      "options": [
        "Hockey",
        "Football",
        "Basketball",
        "Tennis"
      ],
      "answer": "Hockey",
      "difficulty": "easy"
    },
    {
      "question": "In which sport would you perform a slam dunk?",
      "options": [
        "Football",
        "Tennis",
        "Volleyball",
        "Basketball"
      ],
      "answer": "Basketball",
      "difficulty": "easy"
    },
    {
      "question": "Which country hosted the 2016 Summer Olympics?",
      "options": [
        "Japan",
        "China",
        "Brazil",
        "UK"
      ],
      "answer": "Brazil",
      "difficulty": "easy"
    },
    {
      "question": "What is the object hit in badminton called?",
      "options": [
        "Puck",
        "Ball",
        "Shuttlecock",
        "Disc"
      ],
      "answer": "Shuttlecock",
      "difficulty": "easy"
    },
    {
      "question": "What sport does Lionel Messi play?",
      "options": [
        "Basketball",
        "Rugby",
        "Soccer",
        "Baseball"
      ],
      "answer": "Soccer",
      "difficulty": "easy"
    },
    {
      "question": "Which country has won the most FIFA World Cups?",
      "options": [
        "Germany",
        "Italy",
        "Argentina",
        "Brazil"
      ],
      "answer": "Brazil",
      "difficulty": "medium"
    },
    {
      "question": "How many minutes is a rugby match?",
      "options": [
        "60",
        "75",
        "90",
        "80"
      ],
      "answer": "80",
      "difficulty": "medium"
    },
    {
      "question": "What is a perfect score in bowling?",
      "options": [
        "100",
        "500",
        "200",
        "300"
      ],
      "answer": "300",
      "difficulty": "medium"
    },
    {
      "question": "What sport is played at Wimbledon?",
      "options": [
        "Soccer",
        "Cricket",
        "Tennis",
        "Golf"
      ],
      "answer": "Tennis",
      "difficulty": "medium"
    },
    {
      "question": "In which sport would you find a pommel horse?",
      "options": [
        "Wrestling",
        "Karate",
        "Equestrian",
        "Gymnastics"
      ],
      "answer": "Gymnastics",
      "difficulty": "medium"
    },
    {
      "question": "How long is a marathon?",
      "options": [
        "21.1 km",
        "50 km",
        "30 km",
        "42.195 km"
      ],
      "answer": "42.195 km",
      "difficulty": "medium"
    },
    {
      "question": "In baseball, how many strikes make an out?",
      "options": [
        "2",
        "3",
        "4",
        "5"
      ],
      "answer": "3",
      "difficulty": "medium"
    },
    {
      "question": "Which sport involves the terms 'bogey' and 'eagle'?",
      "options": [
        "Bowling",
        "Golf",
        "Cricket",
        "Tennis"
      ],
      "answer": "Golf",
      "difficulty": "medium"
    },
    {
      "question": "Which sport features the Tour de France?",
      "options": [
        "Running",
        "Cycling",
        "Motorsport",
        "Swimming"
      ],
      "answer": "Cycling",
      "difficulty": "medium"
    },
    {
      "question": "Who is known as 'The Greatest' in boxing?",
      "options": [
        "Joe Frazier",
        "Floyd Mayweather",
        "Mike Tyson",
        "Muhammad Ali"
      ],
      "answer": "Muhammad Ali",
      "difficulty": "medium"
    },
    {
      "question": "Who has won the most Olympic gold medals of all time?",
      "options": [
        "Michael Phelps",
        "Usain Bolt",
        "Mark Spitz",
        "Larisa Latynina"
      ],
      "answer": "Michael Phelps",
      "difficulty": "hard"
    },
    {
      "question": "What is the maximum break in snooker?",
      "options": [
        "155",
        "147",
        "140",
        "150"
      ],
      "answer": "147",
      "difficulty": "hard"
    },
    {
      "question": "Which city hosted the first modern Olympic Games?",
      "options": [
        "London",
        "Rome",
        "Paris",
        "Athens"
      ],
      "answer": "Athens",
      "difficulty": "hard"
    },
    {
      "question": "Which NFL team has won the most Super Bowls?",
      "options": [
        "49ers",
        "Pittsburgh Steelers",
        "Patriots",
        "Cowboys"
      ],
      "answer": "Pittsburgh Steelers",
      "difficulty": "hard"
    },
    {
      "question": "Which country invented table tennis?",
      "options": [
        "Germany",
        "Japan",
        "England",
        "China"
      ],
      "answer": "England",
      "difficulty": "hard"
    },
    {
      "question": "Who holds the men’s 100m world record?",
      "options": [
        "Carl Lewis",
        "Usain Bolt",
        "Tyson Gay",
        "Yohan Blake"
      ],
      "answer": "Usain Bolt",
      "difficulty": "hard"
    },
    {
      "question": "Which golfer is nicknamed 'The Golden Bear'?",
      "options": [
        "Jack Nicklaus",
        "Phil Mickelson",
        "Tiger Woods",
        "Rory McIlroy"
      ],
      "answer": "Jack Nicklaus",
      "difficulty": "hard"
    },
    {
      "question": "In fencing, what is the name of the three weapons?",
      "options": [
        "Dagger, Sabre, Sword",
        "Sword, Blade, Rapier",
        "Foil, Lance, Saber",
        "Foil, Épée, Sabre"
      ],
      "answer": "Foil, Épée, Sabre",
      "difficulty": "hard"
    },
    {
      "question": "What does NBA stand for?",
      "options": [
        "North Basketball Alliance",
        "National Basketball Association",
        "National Boxing Association",
        "National Baseball Association"
      ],
      "answer": "National Basketball Association",
      "difficulty": "hard"
    },
    {
      "question": "How many Grand Slam titles has Rafael Nadal won (as of 2023)?",
      "options": [
        "23",
        "22",
        "20",
        "21"
      ],
      "answer": "22",
      "difficulty": "hard"
    }
  ],
  "Random 🔁": [
    {
      "question": "What is the capital of Japan?",
      "options": [
        "Tokyo",
        "Osaka",
        "Nagoya",
        "Kyoto"
      ],
      "answer": "Tokyo",
      "difficulty": "easy"
    },
    {
      "question": "Who was the first president of the United States?",
      "options": [
        "George Washington",
        "Thomas Jefferson",
        "John Adams",
        "Abraham Lincoln"
      ],
      "answer": "George Washington",
      "difficulty": "easy"
    },
    {
      "question": "Who painted the Mona Lisa?",
      "options": [
        "Claude Monet",
        "Pablo Picasso",
        "Leonardo da Vinci",
        "Vincent van Gogh"
      ],
      "answer": "Leonardo da Vinci",
      "difficulty": "easy"
    },
    {
      "question": "What gas do plants absorb from the atmosphere?",
      "options": [
        "Hydrogen",
        "Oxygen",
        "Carbon dioxide",
        "Nitrogen"
      ],
      "answer": "Carbon dioxide",
      "difficulty": "easy"
    },
    {
      "question": "How many players are on a soccer team on the field?",
      "options": [
        "9",
        "10",
        "11",
        "12"
      ],
      "answer": "11",
      "difficulty": "easy"
    },
    {
      "question": "Which city is known as the Big Apple?",
      "options": [
        "Chicago",
        "Los Angeles",
        "Boston",
        "New York"
      ],
      "answer": "New York",
      "difficulty": "medium"
    },
    {
      "question": "Which Roman emperor converted to Christianity?",
      "options": [
        "Caligula",
        "Constantine",
        "Augustus",
        "Nero"
      ],
      "answer": "Constantine",
      "difficulty": "medium"
    },
    {
      "question": "What does the 'E' in email stand for?",
      "options": [
        "Electronic",
        "Express",
        "Efficient",
        "Easy"
      ],
      "answer": "Electronic",
      "difficulty": "medium"
    },
    {
      "question": "What is the most common gas in the Earth's atmosphere?",
      "options": [
        "Carbon dioxide",
        "Helium",
        "Oxygen",
        "Nitrogen"
      ],
      "answer": "Nitrogen",
      "difficulty": "medium"
    },
    {
      "question": "What is a perfect score in bowling?",
      "options": [
        "300",
        "100",
        "200",
        "500"
      ],
      "answer": "300",
      "difficulty": "medium"
    },
    {
      "question": "Which desert is the coldest?",
      "options": [
        "Antarctic",
        "Sahara",
        "Karakum",
        "Gobi"
      ],
      "answer": "Antarctic",
      "difficulty": "hard"
    },
    {
      "question": "Which English king had six wives?",
      "options": [
        "Richard III",
        "Edward VI",
        "Henry VIII",
        "James I"
      ],
      "answer": "Henry VIII",
      "difficulty": "hard"
    },
    {
      "question": "Which philosopher wrote 'The Republic'?",
      "options": [
        "Socrates",
        "Descartes",
        "Plato",
        "Aristotle"
      ],
      "answer": "Plato",
      "difficulty": "hard"
    },
    {
      "question": "Which branch of science studies heredity?",
      "options": [
        "Anatomy",
        "Ecology",
        "Genetics",
        "Geology"
      ],
      "answer": "Genetics",
      "difficulty": "hard"
    },
    {
      "question": "Who has won the most Olympic gold medals of all time?",
      "options": [
        "Usain Bolt",
        "Larisa Latynina",
        "Mark Spitz",
        "Michael Phelps"
      ],
      "answer": "Michael Phelps",
      "difficulty": "hard"
    }
  ],
  "Impossible ❌": [
    {
      "question": "On which lap did Max Verstappen crash at Silverstone in 2021 ?",
      "options": [
        "1",
        "16",
        "58",
        "45"
      ],
      "answer": "1",
      "difficulty": "easy"
    },
    {
      "question": "Who is stronger ?",
      "options": [
        "Tunktunktunktunktunk Sahurr",
        "Tralalero Tralala",
        "Bombardillo Crocodillo",
        "Lirili larila"
      ],
      "answer": "Bombardillo Crocodillo",
      "difficulty": "easy"
    },
    {
      "question": "What sound does Ashton Hall make when he runs ? ",
      "options": [
        "usk usk usk",
        "isk isk isk",
        "uh uh uh",
        "yea yea yea"
      ],
      "answer": "usk usk usk",
      "difficulty": "easy"
    },
    {
      "question": "Who's the G.O.A.T ?",
      "options": [
        "Verstappen",
        "Antony",
        "Kanye",
        "LeBron"
      ],
      "answer": "Aint no good answer",
      "difficulty": "easy"
    },
    {
      "question": "How many points did Adrien get in the Python Finals 2024",
      "options": [
        "1",
        "10",
        "0",
        "0.5"
      ],
      "answer": "1",
      "difficulty": "easy"
    },
    {
      "question": "How many Brawl stars trophies does Oscar have ?",
      "options": [
        "48 235",
        "57 495",
        "61 199 ",
        "14"
      ],
      "answer": "57 495",
      "difficulty": "medium"
    },
    {
      "question": "What is the 10,000th digit of pi?",
      "options": [
        "2",
        "7",
        "9",
        "4"
      ],
      "answer": "7",
      "difficulty": "medium"
    },
    {
      "question": "Which year did the fictional planet Krypton explode in the Superman comics?",
      "options": [
        "Unknown",
        "10,000 BC",
        "-200,000",
        "1938"
      ],
      "answer": "Unknown",
      "difficulty": "medium"
    },
    {
      "question": "How many atoms are in a human body (approx)?",
      "options": [
        "5x10^15",
        "7x10^27",
        "3x10^35",
        "1x10^20"
      ],
      "answer": "7x10^27",
      "difficulty": "medium"
    },
    {
      "question": "Which number appears most frequently in the first million digits of Pi?",
      "options": [
        "1",
        "9",
        "2",
        "0"
      ],
      "answer": "1",
      "difficulty": "medium"
    },
    {
      "question": "What is the airspeed velocity of an unladen swallow (African)?",
      "options": [
        "24 mph",
        "20 km/h",
        "10.3 m/s",
        "11 m/s"
      ],
      "answer": "11 m/s",
      "difficulty": "hard"
    },
    {
      "question": "What is the only known solution to the Riemann Hypothesis?",
      "options": [
        "There is none",
        "Infinity",
        "42",
        "It was solved in 2019"
      ],
      "answer": "There is none",
      "difficulty": "hard"
    },
    {
      "question": "What word appears exactly 46,227 times in Moby Dick?",
      "options": [
        "Ishmael",
        "whale",
        "the",
        "sea"
      ],
      "answer": "the",
      "difficulty": "hard"
    },
    {
      "question": "How many legal positions exist in a standard 8x8 chessboard?",
      "options": [
        "~10^40",
        "~10^50",
        "~10^30",
        "~10^60"
      ],
      "answer": "~10^40",
      "difficulty": "hard"
    },
    {
      "question": "In what year will Unix time reach the 32-bit overflow ?",
      "options": [
        "2040",
        "2028",
        "2100",
        "2038"
      ],
      "answer": "2038",
      "difficulty": "hard"
    }
  ]
}